injury_name,count(1)
surgery on right knee to repair torn ACL,6
sprained left ankle/foot,2
"pubic bone injury, strained left groin",1
swollen left knee,9
bruised hip,3
sore right knee,336
surgery on knee to remove wires that were inserted to help heal torn patella tendon,1
surgery on left knee to repair torn meniscus,14
stress fracture in lower back,2
procedure on right knee to reduce swelling,1
nausea,2
sore left knee,391
left shoulder injury,26
sore left  / right knee,1
sore left calf  / hamstring,1
left ankle effusion / rest,1
bruised left leg,5
adductor injury,2
bruised back,6
left Achilles tendon injury,1
left shoulder injury / rest,1
sprained right elbow,15
sinus surgery,2
stomach virus,46
right knee injury,130
hip flexor injury,11
bruised left heel,8
flu / stomach virus,3
fractured wrist,1
sore right hand,2
surgeyr on right shoulder to repair torn labrum,1
bruised gluteus,1
ruptured right Achilles tendon,4
right eye  / head  injury,1
loose particles and scar tissue in right elbow,1
surgery on right ankle to repair ligament damage,1
stiffness in back,1
sore left / right knee,1
player not with team,1
torn ACL and partially torn MCL in right knee,2
sprained left big toe,23
surgery on right leg to repair fractured tibia and fibula,2
sore right toe,1
sore/strained left shoulder,2
left thumb ligament injury,1
strained/tightness in left hamstring,1
sore left knee / left knee inflammation,2
sprained right ankle  / left ankle,1
right ankle tendinitis / knee tendinitis,1
sprained left toe,2
surgery on right foot,4
sprained knee,2
sprained left/right thumb,1
upper respiratory distress / flu,1
fractured right ankle,1
surgery on left knee to repair meniscus damage,1
strained/sore right shoulder,1
surgery to repair broken right wrist,1
left ankle injury,51
lacerated right ring finger,1
strained abductor muscle,1
surgery on back to repair herniated disc,1
stiff neck,12
heel injury,8
surgery on right Achilles tendon,1
stress fracture in left tibia,2
sore/bruised right knee,1
strained lower right leg,1
thoracic outlet syndrome,1
sore left tibia,1
strained right adductor,21
strained back / chronic disc problem in back,1
fractured right hip,1
surgery to repair fractured orbital bone,2
surgery on right knee to repair torn medial meniscus,1
strained left abdominal / sports hernia,1
sore/strained right Achilles,2
plantar fascia in right foot,2
groin injury,50
surgery on left ankle to clean out fragments and scar tissue,1
surgery on right tibia to repair stress fracture,1
surgery to repair ligament and bone,1
strained left calf,128
appendectomy,14
stomach injury,1
strained left hip,32
left shoulder subluxation,7
strained right ankle  /calf,1
left groin injury / sports hernia,1
cyst in right arm,1
neck injury,10
bruised right chest/ribs,1
surgery to repair hernia,3
sore hip,5
surgery on left foot to repair fracture,4
sore left Achilles,26
strained right Achilles,9
left quadriceps injury,3
surgery to repair ruptured quadriceps tendon in left leg,2
neuropathy,1
vestibular condition,1
right rotator cuff tendinitis,1
left tibia injury,2
surgery on left / right  knee to repair torn ACL,1
strained right pectoral muscle,2
recovering from surgery on left foot to repair fracture,1
bruised right leg,3
strained MCL in left knee,1
sore right groin,31
left wrist injury,8
bruised left calf,8
upper respiratory infection / illness,2
recovering from surgery on lower right leg to remove screw / rest,1
recovering from surgery to repair fractured right interior orbital wall,1
left leg/ankle injury,1
strained gastrocnemius,12
sprained/separated right shoulder,1
bruised left thumb,3
sore lower left leg,1
dislocated right index finger,2
sprained right SC joint / collarbone,1
plantar fascia in left foot,3
strained right leg,1
strained right hip,21
sprained right knee / bruised left knee,1
sore right ankle  / right foot injury,1
surgery to repair fractured right hand/finger,2
blood clot in lungs,1
bruised left toe,1
bruised left hand,2
sore ribs / sore left knee,1
left hip flexor injury,1
surgery on left knee,30
sprained right ankle / bone bruise in right foot,1
player declined to exercise contract option,1
tooth extraction,1
oral surgery to replace lost tooth,1
surgery on right wrist to remove loose bodies,1
broken nose,1
herniated disc in lower back,3
left elbow injury / rest,1
plantar faciitis in left foot,2
placed on IL during suspension,1
eye abrasion,1
bone bruise in left knee / hyperextended left knee,1
rest / sore neck,1
sprained neck,2
strained thoracic muscle,1
surgery on knee,2
underwent procedure on heart for Wolff-Parkinson-White Syndrome,1
left leg injury,8
bruised right wrist,6
sore/strained right hamstring,3
left calf injury  / strained right calf,1
dental work,1
torn right quadricep,1
bruised nose,1
sprained right finger,1
surgery on right knee to repair torn ligaments,1
sprained toe,8
stomach flu / appendicitis,1
strained right hamstring/groin,2
fractured left wrist,7
general soreness / rest,1
sore left knee / right hip injury,1
partially collapsed lung,2
rehab of right quadriceps,1
bursitis in left knee,1
surgery on right knee to repair torn ACL and partially torn MCL,1
stress fracture in left fibula,2
fractured left leg,1
arm injury,3
cervical strain,3
recovering from surgery on right shoulder to repair torn labrum,2
left toe injury,2
rest / toe injury,1
surgery on left hand to repair fracture,2
elbow injury,13
surgery to repair turn left Achilles tendon,1
strained left elbow,3
bruised right chest muscle,2
fractured right foot,18
hand injury / illness,1
strained / tightness in left hamstring,1
fractured left orbital bone / concussion,1
fractured left forearm,1
sprained/strained left knee,1
recovering from surgery on left hip to repair torn labrum,3
recovering from surgery on left eye,13
strained left ankle,2
bruised/sore lower back,1
surgery to repair ligament and bone in toe,1
partial tear in left shoulder,2
sprained right wrist,70
strained right foot,17
fractured left thumb,14
sore left / right ankle,1
back spasms  / sprained left ankle,1
hamstring injury / tendinitis in left knee,1
placed on IL reecovering from oral surgery,1
rehab of knee / back injury,1
right hip pointer,10
abdominal injury,6
surgery on right shoulder,10
blood clot in right lung,1
left toe inflammation,1
strained left groin/hip,8
strained left hip/groin,1
right groin / knee injury,1
surgery to repair core muscle related injuries,1
shin splints,1
placed on IL right foot injury,1
bruised left quadriceps,12
bruised thigh,7
upper respiratory infection,38
enlarged aorta,1
hyperextended knee,2
scratched eye,1
left eye contusion,1
sore left calf / knee injury,1
stress reaction in left ankle/foot,2
sore right calf  / sore left knee,1
sprained right big toe,30
bruised hip / back injury,1
fractured right hand/finger,5
concussion / herniated disc in neck,1
stress fracture in fifth metatarsal in right foot,1
sprained right ankle / sore right foot,1
abdominal injuries from stabbing,1
thoracic spasm,2
patella tendinitis in left foot,1
right eye contusion,1
arthroscopic surgery on right knee,23
sore right heel,5
sprained right midfoot,9
resting knee injury,1
fractured left orbital bone and fractured nose,1
sore left quadriceps,1
strained / torn  right groin,1
sprained right index finger,3
dislocated finger on right hand,1
sore left hip / rest,1
DNP,83
toe injury / rest,1
"surgery on left hip to remove loose fragments, repair a torn labrum, and microfracture to repair damaged cartilage",1
torn right Achilles tendon,6
left knee tendinitis,42
separated left shoulder,6
arthroscopic surgery on left wrist,2
bruised left forearm,2
fractured toe on right foot,1
stress reaction in right leg,1
strained right abdominal muscle,1
arthroscopic surgery on left knee and ankle to remove loose bodies,1
player declined contract option,1
sprained MCL in right knee and fractured right leg,2
left shoulder subluxation  indefinitely,1
strained lower abdominal,2
right shin injury,2
foot injury / rest,1
finger injury,18
strained right abductor  / adductor,1
scratched cornea,1
recovering from surgery on left knee to repair torn ACL,39
back injury / nerve root irritation,4
sore right Achilles,15
tendinitis in knee / left Achilles tendon,1
blood clot in right arm,1
sore left knee / rest,3
sore right knee / rest,1
strained right hand,8
sore right big toe,3
head injury,4
surgery on left leg to repair fractured fibula,1
swelling in knee,1
surgery to repair fractured right foot,1
fractured bone in right pinky finger,2
sore left calf,11
surgery to relieve lower abdomen stress,1
sprained left big toe / turf toe,2
partially torn left oblique muscle,2
torn ligament in left elbow,4
sprained AC joint in right shoulder,1
surgery on right ankle to repair fractured bone,2
ankle injury / rest,2
fractured left ring finger,3
left ankle impingement,1
strained right hip / lower back,1
right big toe inflammation,1
surgery on left ankle to remove loose debris,1
sprained MCL in right knee,26
surgery to repair broken nose,1
fractured bone in right wrist,6
strained left big toe,2
headaches/concussion,1
hip injury / sports hernia,2
sore right adductor,2
arthroscopic surgery on left knee to remove part of torn meniscus,1
surgery on left foot to remove bone fragment,1
bruised/sore left hip,1
stress reaction in left tibia,3
surgery to repair torn pectoral muscle,1
fractured bones in face,2
dislocated kneecap in left knee,2
stress fracture in left shin,2
sprained left shoulder,39
toe injury,30
bruised right quadricep,9
lower back injury,7
fractured metacarpal bone in left hand,2
placed on IL sprained right thumb,1
sore right Achilles / heel,1
surgery to repair separated right shoulder,1
surgery to repair torn left hamstring,4
stress reaction in pelvis,1
strained right elbow,3
neck spasms,12
rest / shoulder injury,1
surgery on right arm / hand to repair fracture,2
eye procedure,1
"sore right knee, sore right ankle",1
sore plantar fascia in left foot,1
surgery to repair fractured left cheekbone,1
torn ACL in right knee,14
bruised right big toe,2
surgery to repair sports hernia,8
left groin injury,17
ankle inflammation  / knee injury,1
surgery for removal of tonsils and adnoids,1
surgery on right leg to repair fractured fibula and ligament damage,1
stress fracture in tibia in left leg,1
surgery to repair athletic pubalgia / sports hernia,1
bruised left knee  / sore right knee,1
left thumb injury,12
torn plantar fascia in left foot,5
sore triceps,1
upper respiratory inflammation,1
fractured left rib,10
surgery on right thumb to repair fracture,4
right biceps tendinitis,1
broken right wrist,1
elbow injury / fractured nose,1
heart arrhythmia,1
sore right ankle,125
sprained left hand,3
fractured right ring finger,5
torn plantar fascia in right foot / right heel injury,1
recovering from surgery on right knee to repair torn ACL,11
strained neck,20
placed on IL after arrest for DUI,1
bone bruise in right ankle,1
stress fracture in right ankle,3
bruised right calf,5
sprained toe on right foot,1
blood clots,1
bruised/sore left knee,1
COVID-19 coronavirus,8
sore left knee / patellar tendinitis in left knee,1
separated right shoulder,5
fractured rib,5
sprained ACL in right knee,1
surgery to repair torn pectoralis major muscle in chest,2
laceration on left middle finger,2
rest / right knee injury,1
surgery on right foot to replace screw,1
corneal abrasion in right eye,3
torn patella tendon in left knee,1
chest pain,2
hand injury,26
strained abdominal,13
fractured orbital bone,3
surgery on lower left leg to repair stress fracture,2
surgery on left ankle/leg to repair fractured tibia and dislocated ankle,1
rest / recovering from surgery on left knee,2
right rib injury,1
quadriceps injury,11
strained left oblique muscle,3
surgery on right shoulder to repair torn labrum,8
rest / sore right knee,5
surgery on right foot/leg to replace screw,1
sore left plantar fascia,1
sore upper back,1
concussion symptoms,2
sore left foot / knee,2
surgery on left knee to repair torn lateral meniscus,3
rehab of knee,2
sore/tight left hamstring,1
sprained pelvis,2
surgery on right thigh to remove bone fragment,1
sprained wrist / left ankle injury,1
fatigue,1
medical tests,1
sore left ankle,118
strained right quadriceps,14
sore SI joint,1
personal reasons,13
turf toe in left big toe,1
recovering from appendectomy,11
stomach virus / flu,1
arthroscopic surgery on right knee to repair torn medial menuscus,1
rest / sprained left ankle,1
torn rotator cuff in right shoulder,1
throat,1
sore left ankle / rest,1
sore left heel,7
fractured left shoulder,2
sore right thigh,1
thrombocytopenia,1
"left ankle, groin injury",2
surgery on toe,1
surgery to repair torn left Achilles tendon,14
ankle injury,93
left finger injury,4
sprained/sore right / left  knee,1
torn meniscus in right knee / sprained right knee,1
arthroscopic surgery on right knee to repair torn meniscus,3
strained left leg,1
surgery on right Achilles,2
bruised quadriceps / sore knee,1
sore ribs / back injury,1
shin injury,4
strained left rib muscle,2
sprained left knee and ankle,4
knee injury / rest,8
strained left adductor,11
hand injury / sprained left wrist,1
surgery on left tibia to repair stress fracture,1
surgery on left ankle to remove bone spurs and right ankle to remove loose bone fragment,1
bone bruise,2
stomach ailment / knee injury,1
fractured bone in right hand,1
recovering from surgery to repair fractured right foot,1
sprained left hamstring,1
bruised calf,1
surgery on right foot to repair torn tendon,1
right hip injury / right wrist injury,1
sore right foot / knee,1
back injury,139
sprained left foot,43
sore lower back,165
dislocated right thumb,3
tendinitis in both knees,8
surgery on left wrist to repair fracture,1
recovering from surgery on left thumb to repair chip fracture and torn ligament,1
tightness in right calf,2
fractured finger,10
facial  injury,1
strained right quadricep,5
surgery on left knee to repair tear in lateral meniscus,2
sprained left / right ankle,1
surgery on right knee to repair ruptured quadriceps tendon,2
left hip / back injury,1
sore hamstring,5
strained hip flexor,3
corneal abrasion,1
strained oblique muscle,1
sprained lower back,3
fractured patella in left knee,16
fractured left hand/wrist,1
gastroententis,1
dental ailment,3
tendinitis in left Achilles,1
fractured left foot,17
fractured right little toe,7
arthroscopic surgery on right knee to repair torn lateral meniscus,1
torn right hamstring,4
sore/sprained right elbow,1
bone bruise in left foot,1
strained/swollen left knee,1
surgery on left hip,1
sprained left knee,43
arthroscopic surgery on both knees,1
head injury / dizziness,1
surgery on right toe to repair fracture,1
stomach illness/virus,1
hip injury,46
arthroscopic surgery on left knee to remove loose body,1
illness  / right knee injury,1
sore left foot / left big toe,1
thigh injury,11
bruised lower back,27
left foot injury / sprained left ankle,1
leg injury,10
sprained left big toe / fractured left hand,1
plantar fasciaitis,1
left ankle injury / sore left foot,1
recovering from surgery on left middle finger to repair ruptured ligament,1
strained left tricep,1
stomach illness,14
right leg injury,16
surgery on right groin,1
strained left foot,5
torn plantar fascia in right foot,2
surgery on right elbow to remove bone spurs and chips,2
partially torn MCL in right knee,1
quadriceps injury / rest,1
left knee effusion,1
strained groin,36
right wrist injury,14
sprained right quadricep,5
bone bruise in left ankle / sprained left ankle,1
surgery on left hip to repair torn hip flexor muscle,2
surgery on right shoulder to repair torn rotator cuff,4
sprained back / SI joint,1
back spasms / sore lower back,3
arthroscopic surgery on right knee to repair lateral meniscus,2
torn tendon in left ankle,3
rest / sore back,2
surgery on left foot to repair fractured bone,2
torn labrum in left shoulder,2
fractured left kneecap,2
waived,1
sore right wrist  / back injury,1
strained adductor muscle in left groin,2
bruised right heel,7
infection in right toe,2
sprained/strained right index finger,1
ulnar nerve contusion,1
strained lower back,78
sprained/bruised left shoulder,5
mouth injury,7
nerve inflammation in left leg,2
sore left groin/hip,1
arthroscopic surgery on left knee to repair torn meniscus,2
sore right leg / Achilles tendon,1
foot infection,1
illness/flu,4
sternum injury,2
surgery to repair fractured right ring finger,3
sore left abductor / adductor,1
stiffness in left knee,1
right fibula injury,2
sprained right ankle / left ankle,1
right knee tendinitis,26
bruised quadriceps,3
sore heel,2
surgery on left knee to remove calcium deposits,1
pulmonary embolism,1
surgery on right ankle to remove bone spur,2
turf toe,6
illness,587
arthroscopic surgery on right elbow to remove loose particle,1
chicken pox,2
right hip injury,50
surgery on left foot/toe,1
tendinitis in right Achilles,1
returned to lineup,3
right adductor injury,6
facial injury,3
surgery to repair separated left shoulder,2
sprained left elbow,21
fractured left ankle / torn ligament in left ankle,2
right elbow injury,18
arthroscopic surgery on right knee to repair meniscus cartilage,1
surgery on right ankle to remove bone spur and loose bodies,1
meniscus injury in right knee,1
arthroscopic surgery on left ankle to remove scar tissue,1
bruised sternum,3
strained left calf / sprained ligament in right knee,2
surgery on neck,1
surgery on sinus,1
arthroscopic surgery on left ankle,4
recovering from surgery on right Achilles,1
Achilles injury / sprained ankle / illness,1
gasroenteritis,1
torn tendon in right ankle,3
stitches in left foot,1
patella tendinitis in left knee,7
sore quadriceps,2
inflamed rib cartilage,1
bruised lower right leg,1
left ankle / foot injury,1
bruised head,1
sports hernia,7
torn cartilage in right knee,2
bruised left quadricep,25
surgery on left foot and ankle to repair torn tendon,1
surgery on right wrist to repair fracture,2
rehab of left knee,2
hyperextended/strained right knee,3
metatarsal inflammation,1
glute injury,1
knee tendinitis,1
strained/sore neck,2
surgery to repair core muscle injury,1
surgery on right hand to repair a broken thumb and ligament damage,2
surgery on eye to repair detached retina,1
stress injury in right fibula,2
surgery on left big toe to remove bone spurs,1
surgery on fractured left finger,1
arthroscopic surgery on right hip,1
bone bruise in left knee / strained left knee,1
surgery on left knee to remove 2 screws,1
surgery to repair ruptured right Achilles tendon,1
i sore right knee,1
sore/aprained right ankle,6
"fractured fibula, ligament damage in leg",2
strained left groin,77
torn ligament in right thumb,2
stress fracture in left foot,8
surgery on left shoulder,11
sore/bruised left knee,1
strained right wrist,1
surgery on left hand to repair fractured bone,1
surgery on right knee to repair sprained MCL,1
upper respiratory illness,8
surgery to repair fractured left orbital bone,2
rest / back injury,2
bruised foot,1
surgery on thumb,1
surgery on left ankle,11
bone bruise in right heel,1
surgery on right ankle to remove bone spurs,1
sore calf,3
tightness in left knee,2
right Achilles tendon injury / rest,1
tightness in lower back,29
surgery on left thumb to repair torn ligament,3
sore left ankle  / knee,1
sprained right foot,34
surgery on left knee to repair torn patella tendon,2
strained patellar tendon in left knee,17
soreness/stiffness in lower back,1
surgery to remove appendix,1
strained groin  / strained core muscle,1
sore knee / rest,1
surgery on right shoulder to repair dislocation,1
sprained left wrist,15
surgery on left ankle to repair stress fracture,1
sprained right ankle  / elbow injury,1
fractured left ankle,4
sprained left ankle  / flu,1
bruised/sprained left shoulder,1
tighness in hamstring,1
surgery on right knee to repair medial meniscus,1
fractured right interior orbital wall,1
surgery to insert screw to repair broken right foot,1
partially torn right quadriceps,1
surgery on back to repair bulging disc,1
fractured orbital floor,5
torn right hip flexor,6
fractured bone in left foot,2
surgery on left ring finger to repair fracture,2
strained left index finger,2
surgery on right knee to repair meniscus injury,1
partially torn plantar fascia in left foot,4
dislocated right middle finger,3
sprained wrist,2
legal problems,1
sore ribs,7
fractured right hand,54
recovering from surgery on left knee to repair torn lateral meniscus / ACL,1
torn muscle in left calf,1
fractured right pinky finger,13
left hamstring injury,45
swelling in right knee,15
sprained right foot / rib injury,1
sprained left finger,2
stress reaction in lower right leg,1
partially torn right groin muscle,1
right elbow inflammation / rest,1
bruised rib / strained back,1
torn lateral meniscus / ACL  / ACL and MCL  in left knee,1
surgery on right hip to repair torn hip flexor,1
pinched nerve in left hip,4
sprained AC joint in left shoulder,1
fractured collarbone,2
concussion,276
surgery on right knee to repair torn patella tendon,1
surgery on left ankle to repair fracture and torn ligament,1
bulging disc in neck,12
illness / upper respiratory infection,5
fractured nose and concussion,1
right Achilles tendinitis,3
bone bruise in left ankle,2
right hand injury / hip injury,1
surgery on left wrist to repair torn ligaments,1
strained left thumb,1
rest / right foot injury,1
torn left quadriceps,3
torn ACL in left knee,31
virus,6
sprained left thumb,13
sore ribs on right side,1
torn ligament in left wrist,9
sprained left index finger,2
left ankle inflammation,6
fractured right toe,2
illness / stomach flu,1
surgery on left knee to repair patellar tendon,1
left knee chondromalacia,1
recovering from surgery to repair fractured right ring finger,1
sore elbow,1
fractured fibula in right leg,6
fractured facial bone,1
recovering from surgery to repair torn left Achilles tendon,2
surgery to repair torn left pectoral muscle,1
bone spurs in right ankle,1
torn lateral meniscus / ACL  in left knee,1
strained left calf / left elbow injury,1
sore left knee / sore right knee,1
sore lower abdomen / strained oblique,1
sore right quadriceps,3
sore toe on right foot,1
stiffness in right knee,1
surgery on right big toe,1
strained right plantaris muscle / calf injury,1
surgery on right knee to repair torn muscle,1
stress reaction in left foot,1
sprained right hip,1
bruised right quadricap,2
exploratory surgery on left ankle,1
sprained right thumb / sprained toe,1
rest / sore left foot,1
surgery on back,8
bruised left foot,11
stress fracture in left kneecap,1
stress fracture in back,1
quarantine for leaving bubble,1
arthroscopic surgery on right ankle to remove bone spurs,1
bruised chest,4
tendinitis in knee,2
infection in left elbow,1
broken right foot,3
sore left groin,12
quadriceps tendinitis in left knee,3
sore left calf  / wrist injury,1
torn rotator cuff in shoulder,1
torn ligament in left foot,1
sore/sprained left ankle,16
right calf injury,17
tailbone injury,3
torn lateral meniscus in right knee,5
"torn ACL, MCL, and patella tendon in right knee",2
rest / knee injury,6
bruised right rib,4
blood clots in leg,1
surgery on hip,1
bruised right forearm  / hip flexor injury,1
surgery to repair fractured right index finger,4
sprained ankle,22
hyperextended left knee,19
left hip injury,10
right hamstring injury,29
fractured tibia in right leg,1
left thigh injury,9
arthroscopic surgery on left knee to repair torn cartilage,1
right index finger injury,3
hyperextended right knee,22
bruised left patella,1
placed on IL fractured right toe,1
sprained left ankle  / knee,1
sore abdominal muscle,4
surgery on right hip to repair strained flexor,1
recovering from surgery on right foot to repair torn plantar plate,1
rest / migraine headache,1
surgery on left knee to repair torn patellar tendon,2
strained left/right hamstring,1
torn patella tendon in right knee,1
bruised right hip,15
strained right knee,12
sore left hip/knee,1
surgery to repair torn abdominal muscle,2
surgery on left big toe and left thumb,1
strained adductor in right groin,2
nose injury,1
nerve damage in left knee,4
rib injury / flu,1
left calf tightness,1
ankle injury / sore left knee,1
sore/sprained right ankle,6
flu/gastroenteritis,1
calf injury,24
stomach flu,16
surgery on right foot to repair stress fracture in fifth metatarsal,1
surgery on left knee to repair medial meniscus,1
surgery on right foot to repair fracture,8
surgery on left wrist and right knee,1
bruised  / fractured  ribs,1
strained hamstring,16
partial muscle tear / left knee injury,2
chip fracture in left ankle / sprained left ankle,1
lacerated left eyelid,1
right groin injury / strained right hip,1
rest / flu,1
left foot injury,51
left knee inflammation,2
sore left knee / right knee injury,1
torn left hamstring,30
surgery to repait hernia / back injury,1
surgery on left thumb to repair chip fracture and torn ligament,1
arthroscopic surgery on his left knee,1
left fibula injury,4
neck injury / concussion,1
strained quadricep,3
unspecified,3
placed on IL recoveruing from surgery on left shoulder to repair separation,1
sprained toe on left foot,1
rotator cuff injury,1
strained tendon in right wrist,5
bruised spinal cord,3
fractured nose,23
rest,588
swelling in right knee / sprained right knee,1
shin splits,4
right knee / thigh injury,1
left heel injury,1
sore/strained left Achilles,4
surgery on lower right leg to remove screw,1
surgery on left shoulder to repair posterior tear in labrum,1
plantar fasciitis in left foot,34
sore left foot,102
surgery on right knee to repair torn meniscus,11
patella tendinitis in right knee,5
sore right wrist,15
bruised shin,3
strained left oblique,1
strained right abductor,3
fractured cheekbone,2
fractured right big toe,1
sore left hip,33
surgery to repair broken right hand,1
flu  / right thumb injury,1
strained/sore right Achilles,1
strained Achilles,2
swollen eye,1
surgery to repair air pocket in lung,1
left ankle / Achilles tendinitis,1
Achilles tendon injury,4
torn meniscus in right knee,12
fractured right thumb,16
strained right hamstring / nerve irritation in right leg,2
surgery on right wrist to repair torn ligament,1
surgery on right knee to repair torn ligament,1
right arm injury,1
bruised right quadriceps,53
food poisoning,15
sore knee,21
bone bruised in left knee,1
surgery on right knee to repair cartilage,1
bulging disc in lower back,2
torn medial meniscus  / strained left calf,1
recovering from surgery on back,1
strained left thigh,1
dehydraftion,1
right ankle inflammation,3
right cervical strain,2
nerve root irritation,12
calf injury / rest,1
strained right big toe,4
sore right foot / heel,1
adductor muscle injury / strained left hamstring,1
fractured lower left leg,2
stress fracture in right foot,15
torn ligament in right wrist,2
strained right calf muscle,2
fractured frontal bone,1
arthroscopic surgery on right ankle,3
strained plantar fascia in left foot,3
fractured right elbow,5
bruised right shin,3
surgery on right toe,1
strained left abductor,4
fracture in lower back,1
strained left calf  / surgery on right knee,2
surgery on right knee,22
left knee synovitis,8
surgery on right elbow to remove staph infection,2
strained right middle finger,1
left index finger injury,4
torn left oblique,2
strained left knee,18
ill,1
costochondral  fracture in chest,1
bruised thigh / groin injury,1
sore throat / flu,2
stress fracture in right leg,1
surgery on left ankle to remove bone fragment,2
bruised left elbow,1
fractured tibia in left / right leg,2
bruised tailbone / sore lower back,1
right hip impingement,2
sprained/bruised right foot,3
strained right groin,73
strained pelvis,1
"surgery on right knee to repair torn MCL, dislocated patella",1
surgery on left shoulder to repair separation,3
arthroscopic surgery on right knee to remove torn cartilage,1
throat ailment,1
surgery on separated left shoulder,1
right eye inflammation,1
right thumb injury,6
surgery on right wrist to remove bone fragments and scar tissue,1
dermatitis,1
stiffness in lower back,2
Achilles injury,7
surgery on right elbow to remove loose bodies,1
torn left quadriceps tendon,1
bruised/strained/sprained right knee,1
surgery on finger,1
right Achilles tendon injury,3
torn left pectoral muscle,1
sore left Achilles tendon,4
root canal,1
sore foot / ankle injury,1
bursitis in left heel,1
bruised left thigh,17
surgery on left foot to repair torn ligament,1
cold,2
right shoulder injury,44
strained right hamstring / back injury,2
left shoulder impingement,1
fractured hand/wrist,1
hamstring injury,36
fractured left hand,41
recovering from surgery on left knee to repair torn meniscus,3
torn ligament in right elbow,27
bruised left knee / strained neck,1
nerve irritation in back,1
shoulder injury / stress fracture in right ankle,1
lacerated right hand,1
torn pectoral muscle,2
right ankle/foot injury,1
strained left quadricep,10
sore Achilles tendon,3
respiratory ailment,5
suspended by NBA for 1 game for shoving opposing player,1
plantar fasciitis,1
rehab of left ankle,1
sore/strained groin,2
throat injury,1
placed on IL witih strained neck,1
surgery on upper right arm to remove bone mass and calcium deposit,1
bacterial/sinus infection,1
left quadricep injury,2
surgery on left knee to remove scar tissue ),1
sore chest  / shoulder injury,1
ultrasonic treatment on both knees to remove scar tissue,1
surgery on right cheek to repair fracture,1
sore right ankle/foot,1
tightness in hamstring,1
sore right hamstring,29
strained right hip flexor,13
surgery on broken right ring finger to insert pins,2
right groin injury,15
surgery on right hip to repair torn labrum,2
surgery on right knee to repair tendinitis,1
surgery on left knee to repair torn lateral meniscus / ACL,1
sore/strained left groin,2
bursitis in knee,1
lower abdominal strain,31
back injury / rest,3
eye injury,7
bruised right thigh / back spasms,1
right axillary abscess,1
surgery on right elbow,1
flu-like symptoms,16
recovering from surgery on left foot,7
sore left index finger,2
torn lateral meniscus in left knee,9
recovering from surgery on right thumb to repaor torn ligament,2
sore right knee  / left knee,2
torn plantar plate in right foot,1
surgery to repair fractured right interior orbital wall,1
rest / personal reasons,1
abdominal injury / sports hernia / athletic pubalgia,2
bruised forearm,1
migraine headache,24
surgery on left foot,7
recovering from surgery to repair facial fracture,1
recovering from surgery on right thumb,4
strained/sore right hamstring,2
legal issues,1
surgery on left knee to remove loose bodies,1
left ankle tendinitis,4
strained left shoulder,14
surgery on right wrist,7
right ankle inijury,1
fractured left cheekbone,2
lower right leg injury,2
arthrosopic surgery on left knee to remove loose body,1
bruised left hip,21
sore ankle,18
sore right pinky finger,1
arthroscopic surgery on right hip to repair torn labrum,1
bone bruise in right foot,5
hyperextended right knee  / sprained right ankle,3
surgery on left foot to repair stress fracture,2
swollen right knee,1
patellar tendinitis in left knee,16
right foot injury,42
sprained back,3
body soreness / knee injury,1
sore left leg,3
rehab of knee / rest,1
right ankle / right heel injury,1
back spasms,215
sinus infection,14
fractured right wrist,9
stiff neck / back injury,1
allergic reaction,1
recovering from surgery to repair torn abdominal muscle,1
ruptured cyst in left knee,1
bruised left eye,2
microdisectomy surgery on lower back to repair herniated disc,2
sore/strained left calf,1
recovering from arthroscopic surgery on left knee to remove loose body,1
torn meniscus in left knee,15
recovering from arthroscopic surgery on left knee to repair torn meniscus,2
dental procedure,4
fractured bone in left leg,1
hyperextended left big toe,4
"torn MCL, disloated patella in right knee",1
sore left quadricep,1
arthroscopic surgery on right elbow to remove loose particles and scar tissue,1
strained left adductor muscle,2
bruised patella in left knee,3
surgery to repair fractured right thumb,2
fractured right fibula,2
sprained left ankle / right knee injury,1
surgery on right hand to repair fracture,5
bruised left hip / strained adductor in left hip,1
right knee patella tendinitis,2
irregular heartbeat,2
surgery to repair torn right pectoralis muscle in chest,1
fractured left tibia,2
vertigo,12
surgery to repair atrial flutter,1
sore/sprained left wrist,1
right thumb tendinitis,1
surgery on left knee to repair torn medial meniscus,2
sprained right ankle,559
bronchitis,2
strained oblique,1
loose particle in right elbow,1
strained right patella tendon,2
lower abdomen stress,2
placed on IL flu,1
sprained right ankle / wrist injury,1
torn abdominal muscle,1
sore lower abdominal,3
foot injury,21
strained patella in left knee,2
flu / strep throat,1
sprained left / right foot,1
sore left ankle / foot,1
surgery on left knee to repair torn ACL,18
sore right foot,76
strained right shoulder,43
strained back,15
strained right Achilles tendon,13
surgery on right ankle,2
sore right Achilles tendon,7
placed on IL wiwth sprained MCL in right knee,1
surgery on dislocated right thumb,1
bruised tibia in right leg,2
left foot infection,3
broken bone in left hand,2
stress reaction in left ankle,11
sore left knee  / sore right knee,2
strained patella tendon in right knee,5
patellar tendinitis in knee,2
ruptured quadriceps tendon in left leg,1
bruised left knee,101
sore/strained left hamstring,9
right Achilles injury,11
surgery on right foot to install bone graft,1
torn ligaments in right ankle,1
surgery to repair broken right foot,1
sore/swollen left knee,1
broken left hand,1
back spasms / herniated disc in back,1
left quadriceps tendinitis,1
torn right triceps,2
sore left wrist,16
bruised right hand,8
recovering from surgery on right heel and Achilles tendon,5
bruised right elbow,1
tightness in back,5
rest / foot injury,1
bruised / sore right knee,1
strained left calf muscle,2
right thigh injury,12
chip fracture in left ankle,2
placed on IL  with sore left knee,1
right elbow tendinitis,1
recovering from arthroscopic surgery on right knee to repair cartilage damage,2
surgery on right foot to repair torn plantar plate,1
strained left hamstring,173
sore wrist,2
bruised left shin,15
strained right triceps,5
sprained left  / right ankle,1
chip fracture in left thumb,1
strained abductor  / adductor,1
strained left abductor  / adductor,2
rest / quadriceps injury,1
right quadricep injury / rest,1
toothache,1
dizziness,2
sore/sprained knee,1
sore right knee / right knee tendinitis,2
placed on IL strained left hamstring,1
strained abdominal muscle,15
torn ligament in left wrist / knee injury,1
torn tendon in right foot,5
stress reaction in right ankle,1
right forearm injury,1
sore neck,16
suspension,4
patellar tendinitis in right knee,10
strained right hamstring  / knee injury,1
ingrown toenail,2
sprained MCL in knee,1
"recovering from arthroscopic surgery on left knee to repair torn meniscus, and ankle",2
bruised right orbital bone,1
arthroscopic surgery on right kene to repair torn meniscus,1
sprained ankle / sprained left wrist,1
surgery on lower back,5
inflammation,1
sore left eye,1
sprained ligaments in left knee,1
strained left / right  adductor,3
sprained right hand,6
sinus ailment,2
sore/sprained left shoulder,1
left knee injury and torn labrum in left shoulder,1
left forearm injury,1
sprained right ankle / illness,1
adductor muscle in right hip injury,1
sprained right knee,88
sore left  / right  ankle,1
broken right hand,1
abdominal pain / appendectomy,1
surgery to repair testicle injury,1
tightness in left calf,3
arthrosopic surgery on left ankle,1
left elbow injury,3
athletic pubalgia / sports hernia,1
right quadricep injury,6
surgery on right ankle to repair torn tendon,1
bruised left shoulder,7
strained left groin  / abdominal surgery,1
rest / torn left hamstring,1
sore/strained left knee,1
sprained right toe,6
surgery on left knee to repair fractured kneecap,2
surgery on right big toe to remove loose bodies,1
lacerated forehead,1
strained rotator cuff in left shoulder / rest,1
sore left hand,4
torn meniscus in left knee / sore right foot,1
bruised right thigh,49
right heel injury,23
torn medial meniscus in right knee,2
bruised left rib,1
surgery on right leg to repair fractured tibia,2
sore/strained lower back,3
swelling in left knee,2
sore/sprained ankles,2
sore back / left ankle,1
bruised / hyperextended  left knee,2
sprained right wrist / migraine headache,1
"fined $25,000 by NBA for altercation with opposing player during game",1
mononucleosis,1
sore left hamstring,36
i broken right wrist,1
sprained right calf,3
sprained right middle finger,1
fractured fibula in left leg,8
back spasms / sore back,1
strained left Achilles tendon,21
left Achilles tendinitis,3
surgery on right thumb,4
foot injury / bruised left knee,1
undisclosed,15
foot injury / sore left ankle,1
sore right hamstring / right knee injury,1
rehab of foot injury,2
bruised lumbar spine,1
sprained left ankle / sprained left knee,1
sore left elbow,3
sprained right shoulder,44
sore right elbow,19
tightness in left hamstring,5
left Achilles injury,20
surgery on left hand to remove screw,1
right quadriceps injury,2
surgery on right knee to repair torn lateral meniscus,5
flu-like symptoms / ankle injury,1
right finger injury,6
rehab on right  / left  knee,1
illness / calf ailment,2
damaged cartilage in left knee,1
general soreness,3
tendinitis in right knee,1
hright hip pointer,1
appendicitis,1
surgery on left wrist,5
upset stomach,5
sore left shin,2
ulnar nerve transpostion surgery on right elbow,1
stiff back,2
surgery to repair dislocated left shoulder,1
torn left Achilles,3
right hamstring tendinitis/tightness,1
sinusitis,1
flu,142
sprained thumb,1
strained arch in right foot,1
surgery on right heel and Achilles tendon,1
recovering from surgery on left knee,1
strained rotator cuff in right shoulder,2
flu/illness,2
arthroscopic surgery on right big toe,1
blood clots in lungs,2
lacerated right middle finger,1
bruised ribs,20
placed on IL witih back injury,1
fractured left big toe,2
hamstring injury / rest,2
right knee rehab / surgery on left knee,1
fractured left cheekbone / concussion,1
bruised/sprained left ankle,1
sprained right knee  / back injury,1
shin/tibia injury,1
allergic reaction / illness,1
left knee patellar tendinitis,1
sprained right ankle / foot,1
torn groin muscle,1
knee injury,155
surrgery on left knee to repair torn meniscus,2
strep throat,10
placed on IL will illness,2
stress reaction in right foot,3
core muscle injury,1
bruised pelvis,12
arthroscopic surgery on knee to remove debris,1
right hip flexor injury,5
leg cramps,1
shin splints in left leg,3
irritation in left knee,1
sore lower back / back spasms,3
torn left Achilles tendon,10
illness / bacterial infection,1
strained right hamstring / right knee tendinitis,1
sore Achilles,2
surgery on right finger to repair fracture,1
recovering from surgery on right hand to repair fracture,1
eye laceration,1
pneumonia,6
sore left foot/ankle,1
skin infection,5
bruised left wrist,4
sore right leg,15
recovering from surgery to repair fractured right hand/finger,30
bone bruise in left knee,9
oral surgery,5
knee injury / illness,1
bruised left knee / thigh,1
fractured right arm / hand,1
strained adductor in left groin/pelvis,2
surgery on right finger,1
surgery to repair fractured nose,3
right hamstring tendinitis,1
undisclosed injury,1
bruised left gluteus muscle,1
DTD,1
strained right hamstring,136
"arthroscopic surgery on left knee to repair torn meniscus, and ankle",2
strained right knee / right calf injury,1
bruised left ankle,2
"sprained right ankle, foot",3
sore left ankle / knee,1
bruised left hip / knee injury,1
surgery on left knee to repair torn cartilage,2
conditioning,9
fractured left index finger,5
sprained MCL and bone bruise in left knee,1
surgery to repair fractured right ankle,1
sore shoulder,13
right foot inflammation / strained left hamstring,1
plantar fasciitis right foot in,1
various injuries,1
sore right hip / rest,1
left big toe injury,8
fined $25K by NBA for pushing fan while walking to locker room,1
lacerated right elbow,1
strained lower back / hip,1
fractured tibia in left leg and dislocated left ankle,2
surgery on left wrist to repair torn ligament,2
surgery on right thumb to repaor torn ligament,2
left eye corneal abrasion,1
surgery on left knee to repair dislocated kneecap,1
sore back,121
stomach ache,1
strained left hip flexor,20
sore right hip,19
dislocated left index finger,5
bruised lower left leg,4
plantar faciitis in right foot/heel,1
bruised right hand/wrist,1
placed on IL recovering form surgery on thumb,1
right eye injury,18
tightness in right hamstring,7
sprained right ankle/foot,2
right big toe injury,7
sore foot,6
right rotator cuff injury,1
bruised right knee,100
stress fracture in left ankle,1
strained right calf,89
strained left rotator cuff,2
strained lat,2
recovering from surgery to remove appendix,2
strained left gluteus muscle,2
placed on IL  surgery on right knee to repair ruptured patella tendon,1
sore/sprained right knee,1
left shin injury,5
illness/concussion,1
right foot inflammation,2
torn tendon in left groin,2
recovering from arthroscopic surgery on right shoulder to repair torn labrum,5
torn patellar tendon in left knee,3
sore right ankle/heel,2
bursitis in right heel,2
back injury / illness,1
arthroscopic surgery on left knee,14
strained right rotator cuff,9
sore/sprained right wrist,1
hyperextended / sprained left knee,1
kidney stone,1
sore left/right  knee,1
sore leg,4
surgery on left foot to insert screw to repair stress fracture,2
sore back / tightness in back,1
right knee inflammation,20
bruised right knee  / sore left knee,1
gastroenteritis,30
sprained/sore left ankle,1
right hand injury,8
arthroscopic surgery on right wrist to repair torn ligament,2
strained left knee/quadriceps,1
bruised right ankle,4
recovering from arthroscopic surgery on left shoulder to repair injured labrum,2
surgery on right foot to repair stress reaction,1
plantar fasciitis in right foot,18
infection in right eye,1
thumb injury,5
sore/sprained left knee,2
arthroscopic surgery on right knee to remove scar tissue,1
surgery,1
sprained ankles,1
"fined $15,000 by NBA for making an obscene gesture during game",1
surgery on right shoulder to repair torn tendon,1
recovering from surgery to repair sports hernia,1
tendinitis in left quadriceps,1
arthroscopic surgery on left knee to remove benign mass,1
dislocated right shoulder,9
gastrointestinal ailment,1
surgery on right foot to repair stress fracture,2
recovering from microfracture surgery on right knee to repair cartilage damage,1
surgery on left hip to repair torn labrum,3
fractured right orbital bone,4
pelvic injury,4
broken bone in left foot,1
strained left quadricep / left knee injury,1
chest injury,2
back injury / sore left side,1
torn medial meniscus in righ tknee,1
sprained/strained MCL in left knee,1
right quadriceps injury / rest,1
surgery on right knee to repair partially torn patella tendon,1
broken nose and sprained right wrist,1
sore groin,14
recovering from surgery on right knee to repair torn meniscus,10
left eye injury,7
fractured hand,1
fractured right rib,10
surgery to repair testicular injury,1
sore right shoulder,55
surgery to repair fractured left foot,1
resting knees,1
surgery on neck to repair herniated disc,1
strained left lower leg,2
torn ligament in left thumb,1
tightness in right groin,1
sore right groin/hamstring,2
sore back / flu,1
torn ligaments in left wrist,1
wisdom tooth extraction,1
plantar faciitis in right foot,1
bruised tailbone,6
rest / sore left knee,2
sore right wrist/hand,1
sprained right  / left  foot,1
herniated disc in neck,1
fractured jaw,7
strained adductor in left groin,2
lower leg injury,2
stress reaction in lower left leg,1
right ankle injury,46
surgery to repair partially dislocated left shoulder,1
bruised/strained right quadriceps,2
recovering from surgery on right thumb to repair fracture,2
bruised right shoulder,19
surgery to repair broken left little finger,2
bruised right calf/shin,3
right knee injury   / torn meniscus in right knee,1
strained left quadriceps,5
arthroscopic surgery on right knee to repair cartilage damage,1
surgery on left ankle to remove bone spurs,1
injuries suffered in car accident  / concussion,1
broken left little finger,1
stiff lower back,2
wrist injury,14
surgery on right wrist to remove bone spur,1
torn MCL in right knee,1
strained/sore left knee,1
bruised left tibia,6
shoulder injury,16
strained left Achilles,2
left foot / toe  injury,1
bursitis in right ankle / strained calf,1
surgery on right pectoral muscle,2
surgery on right knee to repair ruptured patella tendon,1
minor facial fracture,1
dehydration,2
surgery on right foot to replace previously inserted screw,1
sore left  / right  knee,3
sore left knee  / ankle,1
right hip/gluteus/hamstring injury,1
hyperextended right elbow,1
sore left / right  calf,1
high ankle sprain,1
swollen left / right knee,1
sprained elbow,3
bruised right foot,3
sprained left /right  ankle,2
sore toe,4
sore left toe,1
surgery on right hip,2
arthroscopic surgery on right shoulder to repair torn labrum,3
bone bruise in right knee,49
abdominal strain,10
impacted wisdom tooth,2
ruptured ligament in left middle finger,1
right hip tendinitis,1
microfracture surgery on right knee to repair cartilage damage,3
bacterial infection,1
sore/strained right calf,7
strained right ankle,1
hip pointer,3
torn labrum in left hip,1
plantar fasciitis in right foot/heel,1
fractured left orbital bone,2
bruised lower leg,1
surgery on shoulder,2
sore left big toe,11
viral infection,2
sore knees,6
rib injury,14
strained hip,1
sprained ankle / nerve root irritation,1
sprained left ankle/knee,1
sore right knee and lower back,1
illness / flu,2
left hip pointer,13
ear infection,2
hernia,2
adverse reaction to medicine,1
left knee injury,112
partially dislocated left shoulder,2
lower back spasms,29
surgery to repair facial fracture,4
sore neck / shin injury,1
surgery on left eye to repair torn retina,1
strained left hamstring / strep throat,1
tibia injury,3
bone bruise in left knee / sprained left knee,1
stress fracture in right ankle/tibia,14
sore/strained right foot,1
partially torn quadriceps tendon in left leg,2
bruised right hip / right hip flexor injury,1
left oblique injury,3
right knee injury / conditioning,1
sore left shoulder,42
surgery on left elbow to repair infection,1
sprained right thumb,45
recovering from surgery on right knee,5
stress reaction in back,1
fractured right finger,1
sore/swollen right knee,1
pubic symphysis,2
stomach ailment,2
sprained MCL in left knee,48
recovering from surgery on left foot and ankle to repair torn tendon,3
bruised right kneecap,6
tightness in left groin,6
foot injury / left knee injury,1
sinus fracture,1
ruptured patella tendon in right knee,1
strained rotator cuff in left shoulder,2
fractured right index finger,2
sore right calf,28
sprained  / fractured  right foot,1
sprained left ankle,839
surgery on right thumb to repair torn ligament,8
left hand injury,10
strained right adductor muscle,1
sore left ankle  / sore right ankle,1
sore back / back spasms,2
bursitis in right ankle,4
right knee effusion,1
bruised shoulder,1
gastroentritis,1
bruised knee,5
strained left bicep,2
strained calf,4
bruised right thumb,1
sprained/strained left shoulder,2
leg muscle fatigue,3
hyperextended left thumb,1
sprained right ankle/ right knee injury,1
surgery on left middle finger to repair ruptured ligament,1
conjunctivitis / pink eye,1
left calf injury,31
right knee tendinitis  / sore left foot,1
headache,1
dislocated left shoulder,22
enlarged heart,1
torn labrum in right shoulder,10
torn right pectoral muscle,2
eye contusion,2
arthroscopic surgery on left shoulder to repair injured labrum,1
tendinitis in left knee/quadriceps,1
surgery on right hand,1
